Action,Time (UTC),ISIN,Ticker,Name,Notes,ID,No. of shares,Price / share,Currency (Price / share),Exchange rate,Result,Currency (Result),Total,Currency (Total),Withholding tax,Currency (Withholding tax),Currency conversion fee,Currency (Currency conversion fee)
Interest on cash,2025-07-01 00:10:15+00:00,,,,"Interest on cash",9aac0ca7-2e80-4167-a140-226b872ffdd2,,,,,,,0.69,"GBP",,,,
Interest on cash,2025-07-02 00:13:51+00:00,,,,"Interest on cash",391a4cff-3407-4413-b3c8-9dc0615a0cd8,,,,,,,0.70,"GBP",,,,
Interest on cash,2025-07-03 00:13:46+00:00,,,,"Interest on cash",9d6448ab-5ed3-47dd-8662-f446e8d3ddbc,,,,,,,0.70,"GBP",,,,
Dividend (Dividend),2025-07-03 13:27:55+00:00,US67066G1040,NVDA,"Nvidia",,,2.9051194000,0.008500,USD,0.80992900,,,0.02,"GBP",0.00,USD,,
Market buy,2025-07-03 13:35:06+00:00,US74766W1080,QUBT,"Quantum Computing",,EOF35102666679,0.2525528300,20.3200000000,USD,1.36485997,,,3.77,"GBP",,,0.01,"GBP"
Market buy,2025-07-03 13:35:06+00:00,US02079K3059,GOOGL,"Alphabet (Class A)",,EOF35102666701,0.0191203800,179.1700000000,USD,1.36485995,,,2.51,"GBP",,,,
Market buy,2025-07-03 13:35:06+00:00,US67066G1040,NVDA,"Nvidia",,EOF35102666710,0.0244156300,158.2000000000,USD,1.36485959,,,2.83,"GBP",,,,
Market buy,2025-07-03 13:35:06+00:00,US0231351067,AMZN,"Amazon",,EOF35102666721,0.0153116200,223.7400000000,USD,1.36486926,,,2.51,"GBP",,,,
Market buy,2025-07-03 13:35:06+00:00,US76655K1034,RGTI,"Rigetti Computing",,EOF35102666740,0.3619370800,13.0100000000,USD,1.36486997,,,3.46,"GBP",,,0.01,"GBP"
Market buy,2025-07-03 13:35:06+00:00,US46222L1089,IONQ,"IonQ",,EOF35102666761,0.1070920100,43.9700000000,USD,1.36487990,,,3.46,"GBP",,,0.01,"GBP"
Market buy,2025-07-03 13:35:06+00:00,US26740W1099,QBTS,"D-Wave Quantum",,EOF35102666764,0.2871241400,16.4000000000,USD,1.36487996,,,3.46,"GBP",,,0.01,"GBP"
Market buy,2025-07-03 13:35:06+00:00,US4592001014,IBM,"IBM",,EOF35102666804,0.0133561900,289.2000000000,USD,1.36487991,,,2.83,"GBP",,,,
Market buy,2025-07-03 13:35:09+00:00,US05605H1005,BWXT,"BWX Technologies",,EOF35102667196,0.0211516700,141.9600000000,USD,1.36485957,,,2.20,"GBP",,,,
Market buy,2025-07-03 13:35:11+00:00,US73933G2021,PSIX,"Power Solutions International",,EOF35102667601,0.0412252300,72.8400000000,USD,1.36492988,,,2.20,"GBP",,,,
Market buy,2025-07-03 13:35:12+00:00,US21037T1097,CEG,"Constellation Energy",,EOF35102668038,0.0097228400,308.8400000000,USD,1.36490995,,,2.20,"GBP",,,,
Interest on cash,2025-07-04 00:13:09+00:00,,,,"Interest on cash",c2beb289-63df-4ec9-a8db-493955264d5f,,,,,,,0.69,"GBP",,,,
Interest on cash,2025-07-05 00:14:42+00:00,,,,"Interest on cash",03d9e333-8cf8-497b-9433-87de446425a6,,,,,,,0.70,"GBP",,,,
Interest on cash,2025-07-06 00:14:06+00:00,,,,"Interest on cash",b3a85f62-52c0-4780-a3c7-ca5958e37b0c,,,,,,,0.69,"GBP",,,,
Interest on cash,2025-07-07 00:14:24+00:00,,,,"Interest on cash",91a5fa7d-4a6f-434f-bf4a-600c98ce46d7,,,,,,,0.69,"GBP",,,,
Interest on cash,2025-07-08 00:10:02+00:00,,,,"Interest on cash",272271be-454f-4b61-895a-eebcf734ec4a,,,,,,,0.70,"GBP",,,,
Interest on cash,2025-07-09 00:14:42+00:00,,,,"Interest on cash",a6421245-3f41-4b30-a1c1-5ec9e2e4d6f9,,,,,,,0.69,"GBP",,,,
Interest on cash,2025-07-10 00:12:54+00:00,,,,"Interest on cash",3fb643a6-95e3-4ae0-af8c-10b7119df05a,,,,,,,0.70,"GBP",,,,
Interest on cash,2025-07-11 00:13:44+00:00,,,,"Interest on cash",a88bec7e-361a-4acf-80ad-76c8789a43b0,,,,,,,0.69,"GBP",,,,
Interest on cash,2025-07-12 00:13:53+00:00,,,,"Interest on cash",1cbe0e62-9b63-427b-b8fc-f5707279422f,,,,,,,0.69,"GBP",,,,
Interest on cash,2025-07-13 00:09:38+00:00,,,,"Interest on cash",286c5ca6-0f99-43c3-bb99-fcf8a37f2f8c,,,,,,,0.70,"GBP",,,,
Interest on cash,2025-07-14 00:14:02+00:00,,,,"Interest on cash",1d0145fb-7f33-406e-8ba2-42ff3836254b,,,,,,,0.69,"GBP",,,,
Market sell,2025-07-14 07:00:34+00:00,IE00BMC38736,SMGB,"VanEck Semiconductor (Acc)",,EOF35600277792,2.5669092900,35.7200000000,GBP,1.00000000,13.09,"GBP",91.69,"GBP",,,,
Market sell,2025-07-14 07:00:36+00:00,IE000940RNE6,BKCN,"Wisdomtree Blockchain (Acc)",,EOF35600280546,14.8813348200,4015.5000000000,GBX,100.00000000,156.84,"GBP",597.56,"GBP",,,,
Market sell,2025-07-14 07:01:05+00:00,IE00BDVPNG13,INTL,"WisdomTree Artificial Intelligence (Acc)",,EOF35600289517,2.5130996300,5420.0000000000,GBX,100.00000000,15.59,"GBP",136.21,"GBP",,,,
Market buy,2025-07-14 07:01:35+00:00,IE00BLPK3577,CYSE,"WisdomTree Cybersecurity (Acc)",,EOF35600292802,1.5570590800,2217.0000000000,GBX,100.00000000,,,34.52,"GBP",,,,
Market buy,2025-07-14 07:01:40+00:00,IE00BJGWQN72,KLWD,"WisdomTree Cloud Computing (Acc)",,EOF35600293166,1.0235877100,2522.5000000000,GBX,100.00000000,,,25.82,"GBP",,,,
Market buy,2025-07-14 07:03:02+00:00,LU2265794276,CHTE,"UBS Solactive China Technology (Acc)",,EOF35600294828,112.8242320800,586.0000000000,GBX,100.00000000,,,661.15,"GBP",,,,
Market buy,2025-07-14 07:03:03+00:00,IE000MO2MB07,WTNR,"WisdomTree New Economy Real Estate (Acc)",,EOF35600295034,4.0867477900,1791.4000000000,GBX,100.00000000,,,73.21,"GBP",,,,
Market buy,2025-07-14 07:03:03+00:00,IE000O8KMPM1,WBIO,"Wisdomtree Biorevolution (Acc)",,EOF35600295147,2.7232459200,1128.8000000000,GBX,100.00000000,,,30.74,"GBP",,,,
Interest on cash,2025-07-15 00:09:54+00:00,,,,"Interest on cash",2f051ba4-246d-4fbf-afdf-67138282fbc0,,,,,,,0.70,"GBP",,,,
Interest on cash,2025-07-16 00:10:17+00:00,,,,"Interest on cash",0272eeac-2ea4-490b-b999-f319ace1c859,,,,,,,0.69,"GBP",,,,
Interest on cash,2025-07-17 00:09:58+00:00,,,,"Interest on cash",b31a50e5-4fe3-454d-953d-7b9e7c345de7,,,,,,,0.70,"GBP",,,,
Interest on cash,2025-07-18 00:14:30+00:00,,,,"Interest on cash",97e32a1d-34e8-4e39-8cac-88846dcb6096,,,,,,,0.69,"GBP",,,,
Interest on cash,2025-07-19 00:14:00+00:00,,,,"Interest on cash",26299b8a-3ba0-4e52-9e9f-665999edab35,,,,,,,0.70,"GBP",,,,
Interest on cash,2025-07-20 00:13:52+00:00,,,,"Interest on cash",f7592df5-d30e-44e7-94da-351a0aea2c2f,,,,,,,0.69,"GBP",,,,
Interest on cash,2025-07-21 00:09:39+00:00,,,,"Interest on cash",997225ad-53c5-4299-81a4-e1b7e3f89da7,,,,,,,0.70,"GBP",,,,
Interest on cash,2025-07-22 00:14:22+00:00,,,,"Interest on cash",dc50bdc9-e225-4942-ab3f-844725c910af,,,,,,,0.69,"GBP",,,,
Interest on cash,2025-07-23 00:13:48+00:00,,,,"Interest on cash",c0573d84-ba78-4ae3-a1af-70197160b1ce,,,,,,,0.70,"GBP",,,,
Interest on cash,2025-07-24 00:13:26+00:00,,,,"Interest on cash",bdee2639-a36c-4209-95cf-9ef9b22df478,,,,,,,0.69,"GBP",,,,
Interest on cash,2025-07-25 00:14:09+00:00,,,,"Interest on cash",6fdb4486-b81c-4372-88fb-2880b35ed087,,,,,,,0.70,"GBP",,,,
Interest on cash,2025-07-26 00:14:01+00:00,,,,"Interest on cash",28cc9214-cbd6-4fe0-953a-dce0eeaf1793,,,,,,,0.70,"GBP",,,,
Interest on cash,2025-07-27 00:09:29+00:00,,,,"Interest on cash",f3075c36-fb08-45bd-bd9d-bc9c79f72c16,,,,,,,0.69,"GBP",,,,
Interest on cash,2025-07-28 00:14:22+00:00,,,,"Interest on cash",5fa3facd-c20c-4d83-a27a-16cb6e343135,,,,,,,0.70,"GBP",,,,
Interest on cash,2025-07-29 00:13:23+00:00,,,,"Interest on cash",ca624bb4-5efa-4024-9615-ec87858f1a27,,,,,,,0.69,"GBP",,,,
Interest on cash,2025-07-30 00:13:18+00:00,,,,"Interest on cash",4139156c-bcb0-41ef-802d-f1240afb3b0b,,,,,,,0.70,"GBP",,,,
Interest on cash,2025-07-31 00:09:23+00:00,,,,"Interest on cash",1e012cb8-de43-4992-8576-cded2d7d0847,,,,,,,0.70,"GBP",,,,
Market buy,2025-07-31 13:30:03+00:00,US76655K1034,RGTI,"Rigetti Computing",,EOF36501593161,18.1128044800,14.7100000000,USD,1.31965999,,,202.20,"GBP",,,0.30,"GBP"
Market buy,2025-07-31 13:30:04+00:00,US21037T1097,CEG,"Constellation Energy",,EOF36501597320,0.1188502500,349.7500000000,USD,1.31961507,,,31.55,"GBP",,,0.05,"GBP"
Market buy,2025-07-31 13:30:04+00:00,US67066G1040,NVDA,"Nvidia",,EOF36501596492,2.1270085600,182.9400000000,USD,1.31965999,,,295.30,"GBP",,,0.44,"GBP"
Market buy,2025-07-31 13:30:09+00:00,US02079K3059,GOOGL,"Alphabet (Class A)",,EOF36501599382,1.6394447700,195.7300000000,USD,1.31965999,,,243.53,"GBP",,,0.37,"GBP"
Market buy,2025-07-31 13:30:09+00:00,US74766W1080,QUBT,"Quantum Computing",,EOF36501599583,31.6076778100,15.2200000000,USD,1.31965999,,,365.09,"GBP",,,0.55,"GBP"
Market buy,2025-07-31 13:30:09+00:00,US0231351067,AMZN,"Amazon",,EOF36504352563,1.3795069500,235.9000000000,USD,1.31964999,,,246.97,"GBP",,,0.37,"GBP"
Market buy,2025-07-31 13:30:10+00:00,US05605H1005,BWXT,"BWX Technologies",,EOF36504360927,0.2319577300,152.5000000000,USD,1.31941640,,,26.85,"GBP",,,0.04,"GBP"
Market buy,2025-07-31 13:30:19+00:00,US21037T1097,CEG,"Constellation Energy",,EOF36504364174,0.9093381800,350.0000000000,USD,1.31962999,,,241.54,"GBP",,,0.36,"GBP"
Market buy,2025-07-31 13:30:20+00:00,US46222L1089,IONQ,"IonQ",,EOF36504373076,15.2187485000,41.1200000000,USD,1.31962999,,,474.93,"GBP",,,0.71,"GBP"
Market buy,2025-07-31 13:30:20+00:00,US05605H1005,BWXT,"BWX Technologies",,EOF36504373951,2.2779914800,152.4300000000,USD,1.31962999,,,263.53,"GBP",,,0.40,"GBP"
Market buy,2025-07-31 13:30:21+00:00,US4592001014,IBM,"IBM",,EOF36504377571,1.0104301200,258.8900000000,USD,1.31962999,,,198.53,"GBP",,,0.30,"GBP"
Market buy,2025-07-31 13:30:26+00:00,US73933G2021,PSIX,"Power Solutions International",,EOF36504382079,2.2047858300,91.0000000000,USD,1.31970999,,,152.26,"GBP",,,0.23,"GBP"
Market buy,2025-07-31 13:34:18+00:00,US26740W1099,QBTS,"D-Wave Quantum",,EOF36504394732,19.2052329100,17.6800000000,USD,1.31965999,,,257.69,"GBP",,,0.39,"GBP"
Interest on cash,2025-08-01 00:13:41+00:00,,,,"Interest on cash",12148493-d9a7-4845-88ef-8e0cdb4e8829,,,,,,,0.34,"GBP",,,,
Interest on cash,2025-08-02 00:09:56+00:00,,,,"Interest on cash",409fc5ce-adfc-4fa8-ac42-68569c652bd6,,,,,,,0.35,"GBP",,,,
Interest on cash,2025-08-03 00:13:21+00:00,,,,"Interest on cash",2bfde00a-686f-458b-87b7-26dea4093e1a,,,,,,,0.34,"GBP",,,,
Interest on cash,2025-08-04 00:13:11+00:00,,,,"Interest on cash",031e1a34-b2fa-4212-aae7-e48f39ef500a,,,,,,,0.35,"GBP",,,,
Interest on cash,2025-08-05 00:09:13+00:00,,,,"Interest on cash",bd523e0d-2c3b-4cd6-b5f1-d9450a711f0a,,,,,,,0.35,"GBP",,,,
Deposit,2025-08-05 20:53:32+00:00,,,,"Transaction ID: ad6bf6b9-353f-4048-b3ac-172416219d96",b93e9167-1af3-4bbc-b421-27560f8e5898,,,,,,,3000.00,"GBP",,,,
Interest on cash,2025-08-06 00:09:17+00:00,,,,"Interest on cash",dccdbd43-8fd7-4cf6-91f2-d57880ba253c,,,,,,,0.69,"GBP",,,,
Interest on cash,2025-08-07 00:09:46+00:00,,,,"Interest on cash",a3fe0599-5b2b-4c5a-9858-b62556bf807a,,,,,,,0.70,"GBP",,,,
Interest on cash,2025-08-08 00:09:23+00:00,,,,"Interest on cash",8c559ec0-4a86-4710-9b40-ddc023ecc4e7,,,,,,,0.70,"GBP",,,,
Interest on cash,2025-08-09 00:09:38+00:00,,,,"Interest on cash",e577285f-7ee7-4f52-8ce5-9923e013ac70,,,,,,,0.69,"GBP",,,,
Deposit,2025-08-09 09:38:16+00:00,,,,"Transaction ID: 6918ab5e-c72a-4db1-8829-9031f4566716",dadd7799-69f6-4f9c-8025-ce9d113f4951,,,,,,,1400.00,"GBP",,,,
Interest on cash,2025-08-10 00:10:09+00:00,,,,"Interest on cash",f413c3bf-7d79-4a33-b703-e3c322519859,,,,,,,0.86,"GBP",,,,
Interest on cash,2025-08-11 00:10:09+00:00,,,,"Interest on cash",b44d3d72-3b4c-4145-a666-def471f190a3,,,,,,,0.86,"GBP",,,,
Interest on cash,2025-08-12 00:09:51+00:00,,,,"Interest on cash",0bbbc3a4-0f2c-426d-9ae9-6974d792b8c8,,,,,,,0.86,"GBP",,,,
Interest on cash,2025-08-13 00:09:18+00:00,,,,"Interest on cash",4afa5e99-e176-40c5-82af-01847410ea0e,,,,,,,0.86,"GBP",,,,
Interest on cash,2025-08-14 00:09:27+00:00,,,,"Interest on cash",60d65f53-33cd-43c7-b472-c5dd7904effc,,,,,,,0.86,"GBP",,,,
Interest on cash,2025-08-15 00:09:28+00:00,,,,"Interest on cash",f1347c59-b01a-4b9e-a238-6a9edeb6e17b,,,,,,,0.86,"GBP",,,,
Interest on cash,2025-08-16 00:09:18+00:00,,,,"Interest on cash",e801e5eb-80d5-4ae5-81f0-f2e8f4a7f800,,,,,,,0.81,"GBP",,,,
Interest on cash,2025-08-17 00:09:40+00:00,,,,"Interest on cash",ea938fdc-b837-4a7f-980c-00b43951b04b,,,,,,,0.80,"GBP",,,,
Interest on cash,2025-08-18 00:09:06+00:00,,,,"Interest on cash",eca78aa7-e711-41ed-a093-a0580db760a8,,,,,,,0.80,"GBP",,,,
Interest on cash,2025-08-19 00:09:27+00:00,,,,"Interest on cash",254186c3-90a4-45b8-acae-654db3ceed41,,,,,,,0.80,"GBP",,,,
Interest on cash,2025-08-20 00:09:14+00:00,,,,"Interest on cash",3b3e7b52-6390-46d0-8c8f-2b460ebcf8d2,,,,,,,0.81,"GBP",,,,
Interest on cash,2025-08-21 00:09:31+00:00,,,,"Interest on cash",3a340609-1ff7-43a9-a343-03ad962fc664,,,,,,,0.80,"GBP",,,,
Interest on cash,2025-08-22 00:09:12+00:00,,,,"Interest on cash",b6f42504-6be2-4ee9-a3d0-cd8432ef7949,,,,,,,0.80,"GBP",,,,
Interest on cash,2025-08-23 00:09:20+00:00,,,,"Interest on cash",e3436349-9452-46c1-9333-33b21cbf7f24,,,,,,,0.80,"GBP",,,,
Interest on cash,2025-08-24 00:09:38+00:00,,,,"Interest on cash",7c12b699-37ce-4306-b74a-a9f6d9b822b3,,,,,,,0.81,"GBP",,,,
Interest on cash,2025-08-25 00:09:35+00:00,,,,"Interest on cash",156bea66-9582-4820-8f32-4b12d12fea6e,,,,,,,0.80,"GBP",,,,
Interest on cash,2025-08-26 00:09:15+00:00,,,,"Interest on cash",0f10d3e7-39bf-471a-a9ca-a4c91433aa96,,,,,,,0.80,"GBP",,,,
Interest on cash,2025-08-27 00:09:09+00:00,,,,"Interest on cash",6e563b67-7ef6-4af7-861f-935aae612afc,,,,,,,0.81,"GBP",,,,
Interest on cash,2025-08-28 00:09:03+00:00,,,,"Interest on cash",824ec3d3-ea67-4f70-8a48-a1b098ab0ed8,,,,,,,0.80,"GBP",,,,
Interest on cash,2025-08-29 00:09:37+00:00,,,,"Interest on cash",087095a8-4b03-407d-8a4b-ef0d63f21b9b,,,,,,,0.80,"GBP",,,,
Interest on cash,2025-08-30 00:09:52+00:00,,,,"Interest on cash",2690336b-32ed-424d-8cfa-024ded1778d8,,,,,,,0.81,"GBP",,,,
Interest on cash,2025-08-31 00:10:23+00:00,,,,"Interest on cash",8aae366a-2593-4896-b9df-5eb2aa12044a,,,,,,,0.80,"GBP",,,,
Interest on cash,2025-09-01 00:09:50+00:00,,,,"Interest on cash",6e799025-b441-4d64-aa0c-c335869ebb69,,,,,,,0.80,"GBP",,,,
Interest on cash,2025-09-02 00:09:38+00:00,,,,"Interest on cash",4fd93527-346b-468a-9e81-8eb11cf27822,,,,,,,0.81,"GBP",,,,
Interest on cash,2025-09-03 00:09:48+00:00,,,,"Interest on cash",00d8f678-7ac2-440c-82aa-eb6704578fd9,,,,,,,0.80,"GBP",,,,
Interest on cash,2025-09-04 00:09:50+00:00,,,,"Interest on cash",7ca7b1a8-7527-48e9-a7bc-c455e55e6ef4,,,,,,,0.80,"GBP",,,,
Interest on cash,2025-09-05 00:09:52+00:00,,,,"Interest on cash",d6525b5d-fe76-4128-bcbc-13c46a172621,,,,,,,0.81,"GBP",,,,
Dividend (Dividend),2025-09-05 11:16:59+00:00,US05605H1005,BWXT,"BWX Technologies",,,4.6177571800,0.212500,USD,0.74393100,,,0.73,"GBP",0.17,USD,,
Dividend (Dividend),2025-09-05 11:19:51+00:00,US21037T1097,CEG,"Constellation Energy",,,2.0176092700,0.329630,USD,0.73677100,,,0.49,"GBP",0.12,USD,,
Interest on cash,2025-09-06 00:09:54+00:00,,,,"Interest on cash",749d115e-7c12-449a-b103-89dc4809391d,,,,,,,0.80,"GBP",,,,
Interest on cash,2025-09-07 00:09:28+00:00,,,,"Interest on cash",caa730df-2cc5-4315-a65e-54283208c1ac,,,,,,,0.81,"GBP",,,,
Interest on cash,2025-09-08 00:09:37+00:00,,,,"Interest on cash",0eea12ea-67a5-4700-a178-1573a3cce161,,,,,,,0.80,"GBP",,,,
Interest on cash,2025-09-09 00:09:49+00:00,,,,"Interest on cash",ce3ec70e-14fe-45e2-80db-7ad237824c7b,,,,,,,0.81,"GBP",,,,
Interest on cash,2025-09-10 00:10:07+00:00,,,,"Interest on cash",b46f95e6-a532-46b5-aa32-90095b8cf308,,,,,,,0.80,"GBP",,,,
Dividend (Dividend),2025-09-10 12:07:21+00:00,US4592001014,IBM,"IBM",,,2.3780820100,1.428000,USD,0.73912600,,,2.51,"GBP",0.60,USD,,
Interest on cash,2025-09-11 00:09:52+00:00,,,,"Interest on cash",494153c0-3a77-4163-9b7b-dfdfe6995b73,,,,,,,0.81,"GBP",,,,
Interest on cash,2025-09-12 00:09:37+00:00,,,,"Interest on cash",9b2be05f-f9b2-4cff-bb5c-f2cfce8ba0ae,,,,,,,0.80,"GBP",,,,
Interest on cash,2025-09-13 00:09:13+00:00,,,,"Interest on cash",71c05619-579a-4588-89da-5fbee9319f4c,,,,,,,0.81,"GBP",,,,
Interest on cash,2025-09-14 00:09:25+00:00,,,,"Interest on cash",aa9494ab-bfdd-4f97-b645-2c2ef81d510c,,,,,,,0.80,"GBP",,,,
Interest on cash,2025-09-15 00:09:30+00:00,,,,"Interest on cash",37a601e6-a1d9-462a-a30d-8b79b15fe28f,,,,,,,0.81,"GBP",,,,
Dividend (Dividend),2025-09-15 12:55:13+00:00,US02079K3059,GOOGL,"Alphabet (Class A)",,,3.5972594500,0.178500,USD,0.73196100,,,0.47,"GBP",0.11,USD,,
Interest on cash,2025-09-16 00:09:55+00:00,,,,"Interest on cash",e19a5dfa-31f8-492f-bf3f-f708774071e4,,,,,,,0.80,"GBP",,,,
Interest on cash,2025-09-17 00:10:20+00:00,,,,"Interest on cash",d8560f68-8be3-4b03-8d2f-f94aedc191ed,,,,,,,0.81,"GBP",,,,
Interest on cash,2025-09-18 00:09:43+00:00,,,,"Interest on cash",2015e5b7-f854-422c-937a-70da269055bd,,,,,,,0.80,"GBP",,,,
Interest on cash,2025-09-19 00:10:03+00:00,,,,"Interest on cash",d0ac4b04-42ba-45f2-86d3-36463450a7c4,,,,,,,0.81,"GBP",,,,
Interest on cash,2025-09-20 00:10:16+00:00,,,,"Interest on cash",bd87480b-7892-4164-b481-11835694ff3a,,,,,,,0.80,"GBP",,,,
Interest on cash,2025-09-21 00:09:55+00:00,,,,"Interest on cash",a16e7c35-934b-4471-a2a4-175e32d90b07,,,,,,,0.81,"GBP",,,,
Interest on cash,2025-09-22 00:10:06+00:00,,,,"Interest on cash",421dcc6f-8b8c-4acb-9ac0-070b2f0ab4ff,,,,,,,0.81,"GBP",,,,
Interest on cash,2025-09-23 00:10:03+00:00,,,,"Interest on cash",78d240f4-8443-43a4-98a4-4109b33db5a1,,,,,,,0.80,"GBP",,,,
Interest on cash,2025-09-24 00:10:18+00:00,,,,"Interest on cash",7b7fdaea-3fe1-42d6-811e-2a8a2c66922c,,,,,,,0.81,"GBP",,,,
Interest on cash,2025-09-25 00:10:02+00:00,,,,"Interest on cash",ec2d01e5-03bb-41c5-a4e5-e1563395f134,,,,,,,0.80,"GBP",,,,
Interest on cash,2025-09-26 00:10:21+00:00,,,,"Interest on cash",61e7cafe-14af-4b68-a702-4cd2496ecbcc,,,,,,,0.81,"GBP",,,,
Interest on cash,2025-09-27 00:10:28+00:00,,,,"Interest on cash",76536f58-a850-4cbc-a55c-0254a0a823ba,,,,,,,0.81,"GBP",,,,
Interest on cash,2025-09-28 00:10:11+00:00,,,,"Interest on cash",ebd8ed40-1e52-44bb-b010-2fd83a990d1e,,,,,,,0.80,"GBP",,,,
Interest on cash,2025-09-29 00:10:20+00:00,,,,"Interest on cash",f053ef68-e2f6-482f-9651-4d34555f28c5,,,,,,,0.81,"GBP",,,,
Interest on cash,2025-09-30 00:10:00+00:00,,,,"Interest on cash",0eec21dc-cde2-487d-918f-035de212cc0f,,,,,,,0.81,"GBP",,,,
Interest on cash,2025-10-01 00:09:58+00:00,,,,"Interest on cash",f2c1a201-e36a-432b-96e5-27e8c5a44774,,,,,,,0.80,"GBP",,,,
Interest on cash,2025-10-02 00:10:17+00:00,,,,"Interest on cash",59425263-024e-4e26-8218-c175cfb0fd2d,,,,,,,0.81,"GBP",,,,
Dividend (Dividend),2025-10-02 14:37:11+00:00,US67066G1040,NVDA,"Nvidia",,,4.8153330900,0.008500,USD,0.74182900,,,0.03,"GBP",0.01,USD,,
Interest on cash,2025-10-03 00:09:48+00:00,,,,"Interest on cash",975b269a-4bc5-456a-8ba1-e31fe9ecfeaa,,,,,,,0.81,"GBP",,,,
Deposit,2025-10-03 10:17:50+00:00,,,,"Transaction ID: 05edcc12-ca73-42da-ba11-ee3a0bcbd2eb",dae9b278-0dbf-4f15-a3cb-3a1a2be490a3,,,,,,,5000.00,"GBP",,,,
Interest on cash,2025-10-04 00:08:40+00:00,,,,"Interest on cash",061c5f96-d11f-499e-8196-2f04805c6f4a,,,,,,,1.35,"GBP",,,,
Interest on cash,2025-10-05 00:08:50+00:00,,,,"Interest on cash",bb060339-d577-4839-b1a9-74454941121c,,,,,,,1.35,"GBP",,,,
Interest on cash,2025-10-06 00:08:45+00:00,,,,"Interest on cash",068abb14-cffe-4aff-a44b-9d1f9c56bba9,,,,,,,1.35,"GBP",,,,
Interest on cash,2025-10-07 00:09:10+00:00,,,,"Interest on cash",0c339b9d-af97-4b03-ac7e-ee8145407d4b,,,,,,,1.35,"GBP",,,,
Interest on cash,2025-10-08 00:08:28+00:00,,,,"Interest on cash",62ac7548-59dc-43b4-a584-204ba9b7eab5,,,,,,,1.35,"GBP",,,,
Interest on cash,2025-10-09 00:08:35+00:00,,,,"Interest on cash",da5f5a9d-2e02-43bd-8d96-89b3befc5632,,,,,,,1.35,"GBP",,,,
Interest on cash,2025-10-10 00:08:35+00:00,,,,"Interest on cash",d1b7e5b1-2ea9-43c9-abf4-b9570d0619db,,,,,,,1.35,"GBP",,,,
Interest on cash,2025-10-11 00:08:34+00:00,,,,"Interest on cash",a900b292-8b6b-4f95-8d8f-e9732ccf8d38,,,,,,,1.36,"GBP",,,,
Interest on cash,2025-10-12 00:08:48+00:00,,,,"Interest on cash",820d217f-3794-441c-a9a0-f83f3d7eafa2,,,,,,,1.35,"GBP",,,,
Interest on cash,2025-10-13 00:08:42+00:00,,,,"Interest on cash",ce10d57b-8a73-4c2a-aabb-2fc443f3c21a,,,,,,,1.35,"GBP",,,,
Interest on cash,2025-10-14 00:08:35+00:00,,,,"Interest on cash",79518fd4-943a-46a9-a194-3ec22f697348,,,,,,,1.35,"GBP",,,,
Interest on cash,2025-10-15 00:08:27+00:00,,,,"Interest on cash",5965a3bc-75ee-4b02-a045-67936f2ad31e,,,,,,,1.35,"GBP",,,,
Interest on cash,2025-10-16 00:08:23+00:00,,,,"Interest on cash",35ff25b9-a53e-43cc-abd6-aa702a4f5d57,,,,,,,1.36,"GBP",,,,
Interest on cash,2025-10-17 00:08:35+00:00,,,,"Interest on cash",6c0599ee-0386-4e29-8951-a5fa03f9aa78,,,,,,,1.35,"GBP",,,,
Market sell,2025-10-17 15:22:49+00:00,IE00BMC38736,SMGB,"VanEck Semiconductor (Acc)",,EOF40408596199,1.1187615500,43.2800000000,GBP,1.00000000,14.16,"GBP",48.42,"GBP",,,,
Market sell,2025-10-17 15:22:49+00:00,IE000940RNE6,BKCN,"Wisdomtree Blockchain (Acc)",,EOF40408596203,1.1620078700,5080.0000000000,GBX,100.00000000,24.62,"GBP",59.03,"GBP",,,,
Market sell,2025-10-17 15:22:50+00:00,IE00BDVPNG13,INTL,"WisdomTree Artificial Intelligence (Acc)",,EOF40408596207,2.0971482200,6382.0000000000,GBX,100.00000000,33.18,"GBP",133.84,"GBP",,,,
Market sell,2025-10-17 15:22:50+00:00,LU2265794276,CHTE,"UBS Solactive China Technology (Acc)",,EOF40408596211,16.2359384200,675.6000000000,GBX,100.00000000,14.55,"GBP",109.69,"GBP",,,,
Market sell,2025-10-17 15:22:58+00:00,IE000MO2MB07,WTNR,"WisdomTree New Economy Real Estate (Acc)",,EOF40408596273,3.9464687300,2223.0000000000,GBX,100.00000000,20.32,"GBP",87.73,"GBP",,,,
Market sell,2025-10-17 15:22:59+00:00,IE000O8KMPM1,WBIO,"Wisdomtree Biorevolution (Acc)",,EOF40408596283,4.8199167700,1393.8000000000,GBX,100.00000000,7.95,"GBP",67.18,"GBP",,,,
Market sell,2025-10-17 15:23:06+00:00,IE00BLPK3577,CYSE,"WisdomTree Cybersecurity (Acc)",,EOF40408596348,1.0234906600,2277.5000000000,GBX,100.00000000,2.04,"GBP",23.31,"GBP",,,,
Market buy,2025-10-17 15:23:09+00:00,IE00BJGWQN72,KLWD,"WisdomTree Cloud Computing (Acc)",,EOF40408596378,0.4979935700,2492.0000000000,GBX,100.00000000,,,12.41,"GBP",,,,
Market buy,2025-10-17 15:23:10+00:00,IE000W8WMSL2,QWTM,"WisdomTree Quantum Computing (Acc)",,EOF40408596394,20.8513213600,2478.5000000000,GBX,100.00000000,,,516.80,"GBP",,,,
Interest on cash,2025-10-18 00:08:43+00:00,,,,"Interest on cash",25c049b4-d1ad-43f2-8549-96bb32d1a6b5,,,,,,,1.35,"GBP",,,,
Interest on cash,2025-10-19 00:09:08+00:00,,,,"Interest on cash",ff5861e5-ebf7-4a67-b203-fc5daf77c308,,,,,,,1.35,"GBP",,,,
Interest on cash,2025-10-20 00:08:33+00:00,,,,"Interest on cash",6ea46310-f005-45ba-b599-75b535b72d37,,,,,,,1.36,"GBP",,,,
Interest on cash,2025-10-21 00:08:11+00:00,,,,"Interest on cash",e648d910-8ca5-457e-9579-800777e787d4,,,,,,,1.35,"GBP",,,,
Interest on cash,2025-10-22 00:08:17+00:00,,,,"Interest on cash",66e4ebb8-4885-42dc-8f2a-6d19e6952713,,,,,,,1.35,"GBP",,,,
Interest on cash,2025-10-23 00:08:01+00:00,,,,"Interest on cash",d064584e-6579-4cd4-958a-70674acb5707,,,,,,,1.36,"GBP",,,,
Interest on cash,2025-10-24 00:08:12+00:00,,,,"Interest on cash",324f5c81-460c-44fa-a9cb-c86e46ccbc65,,,,,,,1.35,"GBP",,,,
Interest on cash,2025-10-25 01:08:45+00:00,,,,"Interest on cash",ea82ea83-78c6-43e8-97be-9bb9ac21dc57,,,,,,,1.35,"GBP",,,,
Interest on cash,2025-10-26 02:09:02+00:00,,,,"Interest on cash",17f28bb2-f005-4856-9c6a-f8078ff754c9,,,,,,,1.36,"GBP",,,,
Interest on cash,2025-10-27 02:08:51+00:00,,,,"Interest on cash",63d3ba59-c012-4064-857a-5403817e5d36,,,,,,,1.35,"GBP",,,,
Interest on cash,2025-10-28 02:08:59+00:00,,,,"Interest on cash",d6c9b940-f208-41ea-97de-6dbf5064f4fe,,,,,,,1.35,"GBP",,,,
Interest on cash,2025-10-29 02:08:17+00:00,,,,"Interest on cash",e67be9ff-c3d9-477e-80f5-90fbd4dfc011,,,,,,,1.36,"GBP",,,,
Interest on cash,2025-10-30 02:08:50+00:00,,,,"Interest on cash",8c1e03c9-01a7-46e9-badf-f2ba27e34a75,,,,,,,1.35,"GBP",,,,
Interest on cash,2025-10-31 02:08:25+00:00,,,,"Interest on cash",5851f41a-15d1-46b3-b1cd-dbafa982a80c,,,,,,,1.36,"GBP",,,,
Interest on cash,2025-11-01 02:08:16+00:00,,,,"Interest on cash",6a784c6b-ec2c-4479-85c3-8539b13e29a3,,,,,,,1.35,"GBP",,,,
Interest on cash,2025-11-02 02:08:24+00:00,,,,"Interest on cash",43aebb06-8fb8-441e-bf36-25947ad9cc06,,,,,,,1.36,"GBP",,,,
Interest on cash,2025-11-03 02:08:18+00:00,,,,"Interest on cash",4ee2d583-93ee-42bd-aca2-46f50e3aaf7e,,,,,,,1.35,"GBP",,,,
Interest on cash,2025-11-04 02:08:35+00:00,,,,"Interest on cash",d8cd9e78-19f3-45b4-bbe2-abc3f1b1a671,,,,,,,1.36,"GBP",,,,
Interest on cash,2025-11-05 02:08:23+00:00,,,,"Interest on cash",4582de23-8dd5-4b6c-876e-b9445a5925c5,,,,,,,1.35,"GBP",,,,
Interest on cash,2025-11-06 02:08:39+00:00,,,,"Interest on cash",f52fff4b-8b32-439a-a7d2-79f1b5e0f8d5,,,,,,,1.36,"GBP",,,,
Interest on cash,2025-11-07 02:08:16+00:00,,,,"Interest on cash",b763d179-3a16-4cb0-a704-86d95ee678d5,,,,,,,1.35,"GBP",,,,
Interest on cash,2025-11-08 02:08:22+00:00,,,,"Interest on cash",2813652f-f5f3-48d9-9a60-0b2cb970750f,,,,,,,1.36,"GBP",,,,
Interest on cash,2025-11-09 02:08:39+00:00,,,,"Interest on cash",f7ed060c-711d-4e54-9aac-03f47dd71c52,,,,,,,1.35,"GBP",,,,
Interest on cash,2025-11-10 02:08:33+00:00,,,,"Interest on cash",359573f1-c756-4747-b4fd-08e34f1fe992,,,,,,,1.36,"GBP",,,,
Interest on cash,2025-11-11 02:07:57+00:00,,,,"Interest on cash",a6ad9fa9-a089-4760-8d92-e7e3de00ff46,,,,,,,1.36,"GBP",,,,
Interest on cash,2025-11-12 02:08:06+00:00,,,,"Interest on cash",758866e3-b1cb-4a5e-a8a4-84b8d2a1064e,,,,,,,1.35,"GBP",,,,
Interest on cash,2025-11-13 02:08:34+00:00,,,,"Interest on cash",4a76780d-1428-48bf-a0ad-fab5a04e26fa,,,,,,,1.36,"GBP",,,,
Interest on cash,2025-11-14 02:08:35+00:00,,,,"Interest on cash",27757aa6-f96b-4781-8179-3e5d4c6c90cc,,,,,,,1.36,"GBP",,,,
Interest on cash,2025-11-15 02:08:47+00:00,,,,"Interest on cash",a2b44ff3-bf31-4311-8221-e2d73612dafa,,,,,,,1.35,"GBP",,,,
Interest on cash,2025-11-16 02:08:39+00:00,,,,"Interest on cash",fa1d36e3-83a6-45af-86b8-e211ddaa1cfd,,,,,,,1.36,"GBP",,,,
Interest on cash,2025-11-17 02:08:32+00:00,,,,"Interest on cash",6462463f-3adc-4b31-af8a-37009ffbb27a,,,,,,,1.36,"GBP",,,,
Interest on cash,2025-11-18 02:08:43+00:00,,,,"Interest on cash",5def2481-8b91-4c35-a8f8-0197447f1f00,,,,,,,1.35,"GBP",,,,
Interest on cash,2025-11-19 02:08:36+00:00,,,,"Interest on cash",dd36602f-23c4-40b9-8685-f704add12370,,,,,,,1.36,"GBP",,,,
Interest on cash,2025-11-20 02:08:49+00:00,,,,"Interest on cash",323e4dee-ba2d-4a4d-9549-48f8fb41f6ea,,,,,,,1.36,"GBP",,,,
Interest on cash,2025-11-21 02:08:40+00:00,,,,"Interest on cash",38b47bd0-e174-4ebe-b92b-c4ef8065eedf,,,,,,,1.36,"GBP",,,,
Interest on cash,2025-11-22 02:08:31+00:00,,,,"Interest on cash",70cf3a4a-e281-4320-a8ed-0039d1e15b25,,,,,,,1.35,"GBP",,,,
Interest on cash,2025-11-23 02:08:38+00:00,,,,"Interest on cash",9dd7ff0a-0732-4041-8622-fa43e325f7cc,,,,,,,1.36,"GBP",,,,
Interest on cash,2025-11-24 02:08:42+00:00,,,,"Interest on cash",590b16f8-85e5-448b-b97c-3ea29577f69f,,,,,,,1.36,"GBP",,,,
Interest on cash,2025-11-25 02:08:29+00:00,,,,"Interest on cash",6ddf8d39-a4d6-400b-a823-5935fb6d7e9e,,,,,,,1.36,"GBP",,,,
Interest on cash,2025-11-26 07:42:27+00:00,,,,"Interest on cash",ad1b5383-34ae-47df-aa8a-1e45762eb756,,,,,,,1.36,"GBP",,,,
Interest on cash,2025-11-27 02:08:19+00:00,,,,"Interest on cash",bd52a577-69db-464d-932f-4e4b85db8815,,,,,,,1.35,"GBP",,,,
Interest on cash,2025-11-28 02:08:39+00:00,,,,"Interest on cash",4cc43603-d019-4d16-9344-ad3dde06bc4e,,,,,,,1.36,"GBP",,,,
Interest on cash,2025-11-29 02:08:29+00:00,,,,"Interest on cash",2ae3d66f-15ca-48b3-b8b9-4a0e6ae15c78,,,,,,,1.36,"GBP",,,,
Interest on cash,2025-11-30 02:08:55+00:00,,,,"Interest on cash",2283a07f-73d7-4a72-8f7f-a52cdcf7f0f2,,,,,,,1.36,"GBP",,,,
Interest on cash,2025-12-01 02:08:38+00:00,,,,"Interest on cash",cf87cafc-cdaa-40c3-b4d7-548f47ab365b,,,,,,,1.36,"GBP",,,,
Interest on cash,2025-12-02 02:08:25+00:00,,,,"Interest on cash",f6b7eb23-aa92-4c22-80ea-f17e3167663c,,,,,,,1.36,"GBP",,,,
Interest on cash,2025-12-03 02:08:15+00:00,,,,"Interest on cash",9af758fb-1e3a-4b74-87a1-cbdb4d3a57ea,,,,,,,1.36,"GBP",,,,
Interest on cash,2025-12-04 02:07:54+00:00,,,,"Interest on cash",6a478ac8-3b30-49ac-ab63-78ef489e0210,,,,,,,1.36,"GBP",,,,
Interest on cash,2025-12-05 02:07:46+00:00,,,,"Interest on cash",f08019bf-d4ba-4bdb-85b2-68183a3ff036,,,,,,,1.36,"GBP",,,,
Dividend (Dividend),2025-12-05 14:04:14+00:00,US21037T1097,CEG,"Constellation Energy",,,2.0176092700,0.329630,USD,0.74881700,,,0.50,"GBP",0.12,USD,,
Interest on cash,2025-12-06 02:07:45+00:00,,,,"Interest on cash",6ab1653a-a537-482d-b639-f697429d97f4,,,,,,,1.36,"GBP",,,,
Interest on cash,2025-12-07 02:07:53+00:00,,,,"Interest on cash",0036726f-50d7-42c8-96d9-479217db8469,,,,,,,1.36,"GBP",,,,
Interest on cash,2025-12-08 02:08:00+00:00,,,,"Interest on cash",cbdc77b2-d6e4-403b-9e34-9637c72c17a6,,,,,,,1.36,"GBP",,,,
Interest on cash,2025-12-09 02:07:56+00:00,,,,"Interest on cash",3c8d2c7c-1219-4599-a479-8193722a1920,,,,,,,1.36,"GBP",,,,
Interest on cash,2025-12-10 02:07:51+00:00,,,,"Interest on cash",0e533d81-a29c-4e30-a231-d7afbcd6c821,,,,,,,1.36,"GBP",,,,
Dividend (Dividend),2025-12-10 13:57:04+00:00,US05605H1005,BWXT,"BWX Technologies",,,4.6177571800,0.212500,USD,0.75080700,,,0.74,"GBP",0.17,USD,,
Dividend (Dividend),2025-12-10 14:26:15+00:00,US4592001014,IBM,"IBM",,,2.3780820100,1.428000,USD,0.75055400,,,2.55,"GBP",0.60,USD,,
Interest on cash,2025-12-11 02:07:14+00:00,,,,"Interest on cash",2691a99d-a5a7-4f0a-bb84-b99fca4ef67c,,,,,,,1.36,"GBP",,,,
Interest on cash,2025-12-12 02:06:57+00:00,,,,"Interest on cash",7834b3ef-973b-4afa-b07c-eb537a73a86d,,,,,,,1.36,"GBP",,,,
Interest on cash,2025-12-13 02:06:40+00:00,,,,"Interest on cash",d3b339e9-944f-4bdd-88b2-fb0b304e93bc,,,,,,,1.36,"GBP",,,,
Interest on cash,2025-12-14 02:06:56+00:00,,,,"Interest on cash",0839f712-84d2-40df-beb1-d9248e1cd162,,,,,,,1.36,"GBP",,,,
Interest on cash,2025-12-15 02:06:51+00:00,,,,"Interest on cash",84c2b8e8-f97b-494b-a17d-bfc66a146d30,,,,,,,1.36,"GBP",,,,
Dividend (Dividend),2025-12-15 14:55:04+00:00,US02079K3059,GOOGL,"Alphabet (Class A)",,,3.5972594500,0.178500,USD,0.74789800,,,0.48,"GBP",0.11,USD,,
Interest on cash,2025-12-16 02:06:26+00:00,,,,"Interest on cash",82f516e7-1a20-4c0c-b6a7-3992caa770cf,,,,,,,1.37,"GBP",,,,
Interest on cash,2025-12-17 02:06:34+00:00,,,,"Interest on cash",b4373e20-d404-425f-854c-dc5509a05ac0,,,,,,,1.36,"GBP",,,,
Interest on cash,2025-12-18 02:06:35+00:00,,,,"Interest on cash",f5697964-d654-40c1-bf72-2134c87bff24,,,,,,,1.36,"GBP",,,,
Interest on cash,2025-12-19 02:06:51+00:00,,,,"Interest on cash",3bfb76da-13ee-4f7e-84d3-660be16678a2,,,,,,,1.36,"GBP",,,,
Interest on cash,2025-12-20 02:06:55+00:00,,,,"Interest on cash",14cfe6bb-9599-4958-ad74-540d3d3a43e0,,,,,,,1.36,"GBP",,,,
Interest on cash,2025-12-21 02:06:59+00:00,,,,"Interest on cash",e03f0930-ef3b-4e1a-9218-c37ff0c07aac,,,,,,,1.37,"GBP",,,,
Interest on cash,2025-12-22 02:06:59+00:00,,,,"Interest on cash",ac8774c2-b225-4b5d-b89f-33d3ec5e95d7,,,,,,,1.36,"GBP",,,,
Interest on cash,2025-12-23 02:06:41+00:00,,,,"Interest on cash",bb7965cc-7977-4d3a-adb3-769d8a0a2051,,,,,,,1.36,"GBP",,,,
Interest on cash,2025-12-24 02:07:06+00:00,,,,"Interest on cash",f9b2fc10-3d14-4a63-a0e2-e98641d26a89,,,,,,,1.36,"GBP",,,,
Interest on cash,2025-12-25 02:06:50+00:00,,,,"Interest on cash",8f445383-975f-4b49-be31-17fc2a3ce85d,,,,,,,1.37,"GBP",,,,
Interest on cash,2025-12-26 02:06:48+00:00,,,,"Interest on cash",e6f2e2f1-f49d-4e53-b8af-ba72a4d86c75,,,,,,,1.28,"GBP",,,,
Dividend (Dividend),2025-12-26 13:00:14+00:00,US67066G1040,NVDA,"Nvidia",,,4.8153330900,0.008500,USD,0.74151000,,,0.03,"GBP",0.01,USD,,
Interest on cash,2025-12-27 02:07:06+00:00,,,,"Interest on cash",b7d0f017-cef2-489e-a343-ed5c3a9138ad,,,,,,,1.28,"GBP",,,,
Interest on cash,2025-12-28 02:06:53+00:00,,,,"Interest on cash",e250b90f-87ff-44ae-b591-c2c4ac23afb0,,,,,,,1.28,"GBP",,,,
Interest on cash,2025-12-29 02:07:07+00:00,,,,"Interest on cash",857b3638-b311-4658-aa6f-c5584a43ca84,,,,,,,1.28,"GBP",,,,
Interest on cash,2025-12-30 02:07:06+00:00,,,,"Interest on cash",2eaa7e71-0da6-4a51-bf10-94f00add4131,,,,,,,1.28,"GBP",,,,
Interest on cash,2025-12-31 02:06:53+00:00,,,,"Interest on cash",fc951300-e445-444d-92fc-e9a4b32d7833,,,,,,,1.28,"GBP",,,,
Interest on cash,2026-01-01 02:06:54+00:00,,,,"Interest on cash",6338a0ad-1873-4c9d-87e7-1ee16c1b50fe,,,,,,,1.28,"GBP",,,,
Interest on cash,2026-01-02 02:07:16+00:00,,,,"Interest on cash",c4428c25-fb92-439a-96f3-6eb1f561cc02,,,,,,,1.29,"GBP",,,,
Interest on cash,2026-01-03 02:07:08+00:00,,,,"Interest on cash",b0d1b7db-d07d-43b8-8d3e-33b45e306d2a,,,,,,,1.28,"GBP",,,,
Interest on cash,2026-01-04 02:07:18+00:00,,,,"Interest on cash",0031fc4f-44f9-4c27-9748-d8c25d3e1992,,,,,,,1.28,"GBP",,,,
Interest on cash,2026-01-05 02:07:06+00:00,,,,"Interest on cash",97a0a9d8-db8b-4a9f-80c6-5dde76967473,,,,,,,1.28,"GBP",,,,
Interest on cash,2026-01-06 02:06:29+00:00,,,,"Interest on cash",1bb245d8-6af8-4247-8535-2340025d653a,,,,,,,1.28,"GBP",,,,
Interest on cash,2026-01-07 02:07:16+00:00,,,,"Interest on cash",827f01e6-012f-40b0-9611-6ca1c02cb9dc,,,,,,,1.29,"GBP",,,,
Interest on cash,2026-01-08 02:06:45+00:00,,,,"Interest on cash",c3ecb22a-9280-4156-818c-688fe9477daa,,,,,,,1.28,"GBP",,,,
Interest on cash,2026-01-09 02:06:37+00:00,,,,"Interest on cash",019ba081-76ea-750c-980a-694d869df7e9,,,,,,,1.28,"GBP",,,,
Interest on cash,2026-01-10 02:07:09+00:00,,,,"Interest on cash",019ba5a8-4dc9-78e2-95f9-3ea808c48672,,,,,,,1.28,"GBP",,,,
Interest on cash,2026-01-11 02:07:18+00:00,,,,"Interest on cash",019baace-cfb8-751c-b5bd-ed4632fc35c3,,,,,,,1.29,"GBP",,,,
Interest on cash,2026-01-12 02:06:56+00:00,,,,"Interest on cash",019baff4-d43b-7b9d-a78d-5f0a050f9a0d,,,,,,,1.28,"GBP",,,,
Interest on cash,2026-01-13 02:06:22+00:00,,,,"Interest on cash",019bb51a-ac61-7c29-ae1f-9dcfa249b031,,,,,,,1.28,"GBP",,,,
Interest on cash,2026-01-14 02:06:10+00:00,,,,"Interest on cash",019bba40-d933-7a2f-88be-8a04b54ea270,,,,,,,1.28,"GBP",,,,
Interest on cash,2026-01-15 02:06:38+00:00,,,,"Interest on cash",019bbf67-a376-7fd6-825f-b0bce66beedb,,,,,,,1.29,"GBP",,,,
Interest on cash,2026-01-16 02:06:31+00:00,,,,"Interest on cash",019bc48d-e083-7962-81be-97eceebcca5a,,,,,,,1.28,"GBP",,,,
Interest on cash,2026-01-17 02:06:26+00:00,,,,"Interest on cash",019bc9b4-2b9b-7260-ad85-1c79a82b7f78,,,,,,,1.28,"GBP",,,,
Interest on cash,2026-01-18 02:06:25+00:00,,,,"Interest on cash",019bceda-81e6-7167-b0f5-d54d7551c476,,,,,,,1.29,"GBP",,,,
Interest on cash,2026-01-19 02:06:10+00:00,,,,"Interest on cash",019bd400-a622-7889-9923-7265a71ec3c6,,,,,,,1.28,"GBP",,,,
Interest on cash,2026-01-20 02:06:13+00:00,,,,"Interest on cash",019bd927-0c26-72c1-893f-758b065b5bce,,,,,,,1.29,"GBP",,,,
Interest on cash,2026-01-21 02:06:10+00:00,,,,"Interest on cash",019bde4d-5bb6-71d4-8ec5-1b5969e4e155,,,,,,,1.28,"GBP",,,,
Interest on cash,2026-01-22 02:06:12+00:00,,,,"Interest on cash",019be373-c14d-76eb-af46-db9afe9c6fc5,,,,,,,1.28,"GBP",,,,
Deposit,2026-01-22 10:28:00+00:00,,,,"Transaction ID: 76e9f17b-dad5-404f-a906-001e6fc3872f",019be53f-2b6c-7f57-9400-b28611da2cfe,,,,,,,600.00,"GBP",,,,
Interest on cash,2026-01-23 02:06:11+00:00,,,,"Interest on cash",019be89a-17c6-70fe-b722-6277a611ad27,,,,,,,1.35,"GBP",,,,
Interest on cash,2026-01-24 02:06:12+00:00,,,,"Interest on cash",019bedc0-781e-79df-b6f3-978e269301a0,,,,,,,1.35,"GBP",,,,
Interest on cash,2026-01-25 02:05:55+00:00,,,,"Interest on cash",019bf2e6-9238-76f2-96d7-57517c059cfb,,,,,,,1.34,"GBP",,,,
Interest on cash,2026-01-26 02:06:12+00:00,,,,"Interest on cash",019bf80d-30fb-7756-8b5d-dc99227f1356,,,,,,,1.35,"GBP",,,,
Interest on cash,2026-01-27 02:06:20+00:00,,,,"Interest on cash",019bfd33-ab06-716f-b31b-530d96e9a432,,,,,,,1.34,"GBP",,,,
Interest on cash,2026-01-28 02:06:33+00:00,,,,"Interest on cash",019c025a-3a27-7efa-8d56-4144a6917bdc,,,,,,,1.35,"GBP",,,,
Interest on cash,2026-01-29 02:06:32+00:00,,,,"Interest on cash",019c0780-9295-7bcd-a557-55c3244f0e24,,,,,,,1.35,"GBP",,,,
Interest on cash,2026-01-30 02:06:52+00:00,,,,"Interest on cash",019c0ca7-3dc0-7850-9225-018316e173a5,,,,,,,1.34,"GBP",,,,
Interest on cash,2026-01-31 02:06:37+00:00,,,,"Interest on cash",019c11cd-5e81-73b3-be99-5ee40f20ad20,,,,,,,1.35,"GBP",,,,
Interest on cash,2026-02-01 02:06:48+00:00,,,,"Interest on cash",019c16f3-e419-793e-ad08-9d5d10f61266,,,,,,,1.35,"GBP",,,,
Interest on cash,2026-02-02 02:06:23+00:00,,,,"Interest on cash",019c1c19-dedd-75bc-9922-641efded1952,,,,,,,1.34,"GBP",,,,
Interest on cash,2026-02-03 02:06:29+00:00,,,,"Interest on cash",019c2140-530d-7a41-9946-5dda805da5fc,,,,,,,1.35,"GBP",,,,
Interest on cash,2026-02-04 02:06:38+00:00,,,,"Interest on cash",019c2666-d36a-79d3-bad4-4166cb4271fa,,,,,,,1.35,"GBP",,,,
Interest on cash,2026-02-05 02:06:05+00:00,,,,"Interest on cash",019c2b8c-ab37-7948-9289-3d26c2c0bc40,,,,,,,1.34,"GBP",,,,
Interest on cash,2026-02-06 02:06:06+00:00,,,,"Interest on cash",019c30b3-0ae2-7241-a303-d18436be8988,,,,,,,1.35,"GBP",,,,
Interest on cash,2026-02-07 02:06:08+00:00,,,,"Interest on cash",019c35d9-702f-780c-b995-2c264abd0cee,,,,,,,1.35,"GBP",,,,
Interest on cash,2026-02-08 02:06:24+00:00,,,,"Interest on cash",019c3b00-0bbe-74bb-8672-f9bb047a9c09,,,,,,,1.35,"GBP",,,,
Interest on cash,2026-02-09 02:05:56+00:00,,,,"Interest on cash",019c4025-f822-79ab-82f0-843a0b58ed94,,,,,,,1.35,"GBP",,,,
Interest on cash,2026-02-10 02:06:08+00:00,,,,"Interest on cash",019c454c-8324-7c19-9451-0d338e6adff3,,,,,,,1.34,"GBP",,,,
Interest on cash,2026-02-11 02:06:06+00:00,,,,"Interest on cash",019c4a72-d73e-7e4c-9432-2f96ac976552,,,,,,,1.35,"GBP",,,,
Interest on cash,2026-02-12 02:06:11+00:00,,,,"Interest on cash",019c4f99-478c-7575-b25c-9178903cdfd8,,,,,,,1.35,"GBP",,,,
Market buy,2026-02-12 08:47:10+00:00,IE00BK5BQT80,VWRP,"Vanguard FTSE All-World (Acc)",,EOF46500854578,20.0000000000,130.3200000000,GBP,1.00000000,,,2606.40,"GBP",,,,
Interest on cash,2026-02-13 02:06:01+00:00,,,,"Interest on cash",019c54bf-7e12-773f-b116-5fc5a29670c9,,,,,,,1.08,"GBP",,,,
Interest on cash,2026-02-14 02:06:15+00:00,,,,"Interest on cash",019c59e6-0f5c-7024-b7c0-e1d5efcdfc6f,,,,,,,1.08,"GBP",,,,
Interest on cash,2026-02-15 02:06:24+00:00,,,,"Interest on cash",019c5f0c-9059-73ff-9442-f9a8612698df,,,,,,,1.09,"GBP",,,,
Interest on cash,2026-02-16 02:06:29+00:00,,,,"Interest on cash",019c6432-fd4e-7fbd-b45d-715bb15be289,,,,,,,1.08,"GBP",,,,
Interest on cash,2026-02-17 02:05:56+00:00,,,,"Interest on cash",019c6958-db56-7524-ac11-250a9ce4d6b1,,,,,,,1.08,"GBP",,,,
Interest on cash,2026-02-18 02:05:53+00:00,,,,"Interest on cash",019c6e7f-29df-7c45-9664-6881b130230c,,,,,,,1.08,"GBP",,,,
Interest on cash,2026-02-19 02:06:38+00:00,,,,"Interest on cash",019c73a6-3626-769f-9097-6167129812c6,,,,,,,1.09,"GBP",,,,
Interest on cash,2026-02-20 02:06:24+00:00,,,,"Interest on cash",019c78cc-5a1a-7a0f-bc90-d28059588883,,,,,,,1.08,"GBP",,,,
Interest on cash,2026-02-21 02:06:16+00:00,,,,"Interest on cash",019c7df2-9668-73fe-8d2f-711abd99edfa,,,,,,,1.08,"GBP",,,,
Interest on cash,2026-02-22 02:06:35+00:00,,,,"Interest on cash",019c8319-3ebc-7b38-a50a-5d9f60ab1364,,,,,,,1.09,"GBP",,,,
Interest on cash,2026-02-23 02:06:53+00:00,,,,"Interest on cash",019c883f-df26-7f3d-8d2a-0b192cbcf887,,,,,,,1.08,"GBP",,,,
Interest on cash,2026-02-24 02:06:32+00:00,,,,"Interest on cash",019c8d65-ebac-7e0c-8291-d234157e3ea9,,,,,,,1.08,"GBP",,,,
Interest on cash,2026-02-25 02:06:52+00:00,,,,"Interest on cash",019c928c-93d9-797f-92dc-eb6cefcdde96,,,,,,,1.09,"GBP",,,,
Interest on cash,2026-02-26 02:06:24+00:00,,,,"Interest on cash",019c97b2-8292-75a8-923f-cdbf4f821687,,,,,,,1.08,"GBP",,,,
Interest on cash,2026-02-27 02:06:15+00:00,,,,"Interest on cash",019c9cd8-ba93-7cf8-87f4-ee4418e18fd1,,,,,,,1.09,"GBP",,,,
Interest on cash,2026-02-28 02:06:27+00:00,,,,"Interest on cash",019ca1ff-47cf-74ff-a03e-3eac64129106,,,,,,,1.08,"GBP",,,,
Interest on cash,2026-03-01 02:06:15+00:00,,,,"Interest on cash",019ca725-73a1-7f64-95df-7078ac576076,,,,,,,1.08,"GBP",,,,
Interest on cash,2026-03-02 02:06:16+00:00,,,,"Interest on cash",019cac4b-d272-7b59-a882-cb8069445418,,,,,,,1.09,"GBP",,,,
Interest on cash,2026-03-03 02:06:32+00:00,,,,"Interest on cash",019cb172-6d99-741f-bb61-771293381830,,,,,,,1.08,"GBP",,,,
Interest on cash,2026-03-04 02:05:54+00:00,,,,"Interest on cash",019cb698-372c-7db1-82d6-ec71b97ff57b,,,,,,,1.09,"GBP",,,,
Interest on cash,2026-03-05 02:06:09+00:00,,,,"Interest on cash",019cbbbe-ccdd-7f11-9fdb-41e09e6b0800,,,,,,,1.08,"GBP",,,,
Interest on cash,2026-03-06 02:06:24+00:00,,,,"Interest on cash",019cc0e5-6365-7f02-ae3a-0957801f4ccb,,,,,,,1.09,"GBP",,,,
Interest on cash,2026-03-07 02:06:51+00:00,,,,"Interest on cash",019cc60c-28b5-73ee-a2b7-833b80e09f04,,,,,,,1.08,"GBP",,,,
Interest on cash,2026-03-08 02:07:03+00:00,,,,"Interest on cash",019ccb32-b2d6-7221-a3d9-5136500141ef,,,,,,,1.08,"GBP",,,,
Interest on cash,2026-03-09 02:06:33+00:00,,,,"Interest on cash",019cd058-9a3c-79d8-8392-8777c046ccf1,,,,,,,1.09,"GBP",,,,
Interest on cash,2026-03-10 02:06:43+00:00,,,,"Interest on cash",019cd57f-1e37-7fbf-8273-e02228ae0d86,,,,,,,1.08,"GBP",,,,
Dividend (Dividend),2026-03-10 16:43:35+00:00,US4592001014,IBM,"IBM",,,2.3780820100,1.428000,USD,0.74298600,,,2.52,"GBP",0.60,USD,,
Interest on cash,2026-03-11 02:06:44+00:00,,,,"Interest on cash",019cdaa5-7e70-7d68-9cdb-e5a6d77f7b13,,,,,,,1.09,"GBP",,,,
Interest on cash,2026-03-12 02:06:22+00:00,,,,"Interest on cash",019cdfcb-82d3-7fb0-b1ca-c222dfa2e4ca,,,,,,,1.09,"GBP",,,,
Interest on cash,2026-03-13 02:06:11+00:00,,,,"Interest on cash",019ce4f1-b628-786e-98dc-3dce42690ee2,,,,,,,1.08,"GBP",,,,
Interest on cash,2026-03-14 02:06:31+00:00,,,,"Interest on cash",019cea18-5f11-7df1-b832-555c7fb2d05c,,,,,,,1.09,"GBP",,,,
Interest on cash,2026-03-15 02:08:00+00:00,,,,"Interest on cash",019cef40-14cf-7ec0-8f3b-3deaff7a07b7,,,,,,,1.08,"GBP",,,,
Interest on cash,2026-03-16 02:07:57+00:00,,,,"Interest on cash",019cf466-6493-7fb6-967c-8b6ef217a64b,,,,,,,1.09,"GBP",,,,
Dividend (Dividend),2026-03-16 15:16:42+00:00,US02079K3059,GOOGL,"Alphabet (Class A)",,,3.5972594500,0.178500,USD,0.75557800,,,0.49,"GBP",0.11,USD,,
Interest on cash,2026-03-17 02:08:00+00:00,,,,"Interest on cash",019cf98c-cf69-760f-91f2-2a085390f4c3,,,,,,,1.09,"GBP",,,,
Interest on cash,2026-03-18 02:07:56+00:00,,,,"Interest on cash",019cfeb3-19eb-7b39-96f7-b52b0b8f3247,,,,,,,1.08,"GBP",,,,
Interest on cash,2026-03-19 02:07:47+00:00,,,,"Interest on cash",019d03d9-52c9-7d73-b16a-97ecb3b646dc,,,,,,,1.09,"GBP",,,,
Interest on cash,2026-03-20 02:07:45+00:00,,,,"Interest on cash",019d08ff-a8fb-7e57-92eb-012fe031f4a1,,,,,,,1.08,"GBP",,,,
Dividend (Dividend),2026-03-20 14:22:21+00:00,US21037T1097,CEG,"Constellation Energy",,,2.0176092700,0.362525,USD,0.74515100,,,0.55,"GBP",0.13,USD,,
Interest on cash,2026-03-21 02:07:44+00:00,,,,"Interest on cash",019d0e25-ff48-7ac1-95ef-b022639da763,,,,,,,1.09,"GBP",,,,
Interest on cash,2026-03-22 02:08:12+00:00,,,,"Interest on cash",019d134c-c815-76f3-aa26-d60eca2aaea6,,,,,,,1.09,"GBP",,,,
Interest on cash,2026-03-23 02:08:00+00:00,,,,"Interest on cash",019d1872-f44c-73fb-b517-679744c80325,,,,,,,1.08,"GBP",,,,
Interest on cash,2026-03-24 02:07:57+00:00,,,,"Interest on cash",019d1d99-46ad-77f9-83cc-20658f398f31,,,,,,,1.09,"GBP",,,,
Interest on cash,2026-03-25 02:07:53+00:00,,,,"Interest on cash",019d22bf-9323-75d4-a51e-49bdc450b283,,,,,,,1.09,"GBP",,,,
Interest on cash,2026-03-26 02:08:09+00:00,,,,"Interest on cash",019d27e6-2e8e-726b-936b-a90b4fea877a,,,,,,,1.09,"GBP",,,,
Interest on cash,2026-03-27 02:07:52+00:00,,,,"Interest on cash",019d2d0c-4879-72c9-81cd-b3ad5789422f,,,,,,,1.08,"GBP",,,,
Dividend (Dividend),2026-03-27 15:42:30+00:00,US05605H1005,BWXT,"BWX Technologies",,,4.6177571800,0.229500,USD,0.75061000,,,0.80,"GBP",0.19,USD,,
Interest on cash,2026-03-28 02:07:44+00:00,,,,"Interest on cash",019d3232-8246-7dac-a83a-768e82cf43ce,,,,,,,1.09,"GBP",,,,
Interest on cash,2026-03-29 01:07:38+00:00,,,,"Interest on cash",019d3721-d958-7ed2-b002-ef37750ac241,,,,,,,1.09,"GBP",,,,
Interest on cash,2026-03-30 01:07:45+00:00,,,,"Interest on cash",019d3c48-50f0-7f5d-935a-25ed00b9ee3d,,,,,,,1.09,"GBP",,,,
Interest on cash,2026-03-31 01:06:59+00:00,,,,"Interest on cash",019d416d-f96c-7558-aef8-a0c76c0222bd,,,,,,,1.08,"GBP",,,,
Interest on cash,2026-04-01 01:07:01+00:00,,,,"Interest on cash",019d4694-5b50-732e-aeb1-e0de1a23c1e4,,,,,,,1.09,"GBP",,,,
Dividend (Dividend),2026-04-01 16:32:16+00:00,US67066G1040,NVDA,"Nvidia",,,4.8153330900,0.008500,USD,0.75292100,,,0.03,"GBP",0.01,USD,,
Interest on cash,2026-04-02 01:07:16+00:00,,,,"Interest on cash",019d4bba-f2da-74f7-b078-1fb7c7ca1dd9,,,,,,,1.09,"GBP",,,,
Interest on cash,2026-04-03 01:07:11+00:00,,,,"Interest on cash",019d50e1-3ac5-73f7-ac7d-7044ef478012,,,,,,,1.09,"GBP",,,,
Interest on cash,2026-04-04 01:07:08+00:00,,,,"Interest on cash",019d5607-8e2f-7adf-ad98-3b7c83845d06,,,,,,,1.09,"GBP",,,,
Interest on cash,2026-04-05 01:07:04+00:00,,,,"Interest on cash",019d5b2d-d87c-7479-8ba5-d291d3c0851b,,,,,,,1.08,"GBP",,,,
Interest on cash,2026-04-06 01:06:47+00:00,,,,"Interest on cash",019d6053-f2dd-7827-aad6-5c43253fafd9,,,,,,,1.09,"GBP",,,,
Interest on cash,2026-04-07 01:06:53+00:00,,,,"Interest on cash",019d657a-65f0-78bb-82c9-ef91a175fe6d,,,,,,,1.09,"GBP",,,,
Interest on cash,2026-04-08 01:07:28+00:00,,,,"Interest on cash",019d6aa1-4a13-761f-bccf-15ea274e8b5a,,,,,,,1.09,"GBP",,,,
Interest on cash,2026-04-09 01:07:29+00:00,,,,"Interest on cash",019d6fc7-ab1b-70b8-894e-c9ae81b88a4c,,,,,,,1.09,"GBP",,,,
Interest on cash,2026-04-10 01:06:49+00:00,,,,"Interest on cash",019d74ed-68f3-73c9-8605-509831c3e92d,,,,,,,1.09,"GBP",,,,
Interest on cash,2026-04-11 01:06:58+00:00,,,,"Interest on cash",019d7a13-e931-7319-8b7d-f5a2b4746d20,,,,,,,1.09,"GBP",,,,
Interest on cash,2026-04-12 01:06:56+00:00,,,,"Interest on cash",019d7f3a-3e18-7042-9092-fee0c322a8c1,,,,,,,1.09,"GBP",,,,
Interest on cash,2026-04-13 01:06:52+00:00,,,,"Interest on cash",019d8460-886b-798d-909e-a6df4043cb21,,,,,,,1.09,"GBP",,,,
Interest on cash,2026-04-14 01:06:45+00:00,,,,"Interest on cash",019d8986-ca2e-7e76-9b06-9a2c769d6741,,,,,,,1.08,"GBP",,,,
Interest on cash,2026-04-15 01:07:03+00:00,,,,"Interest on cash",019d8ead-6dce-71ea-991d-65a5ed851296,,,,,,,1.09,"GBP",,,,
Interest on cash,2026-04-16 01:07:05+00:00,,,,"Interest on cash",019d93d3-cfc4-7ad0-953f-2951ba0cc4d1,,,,,,,1.09,"GBP",,,,
Interest on cash,2026-04-17 01:07:14+00:00,,,,"Interest on cash",019d98fa-4fb3-7f95-aeb8-60fba13f71e6,,,,,,,1.09,"GBP",,,,
Interest on cash,2026-04-18 01:07:16+00:00,,,,"Interest on cash",019d9e20-b208-7bd7-b9f2-f7b9da9c5e00,,,,,,,1.09,"GBP",,,,
Interest on cash,2026-04-19 01:07:34+00:00,,,,"Interest on cash",019da347-5774-7455-acda-172f79dde6c5,,,,,,,1.09,"GBP",,,,
Interest on cash,2026-04-20 01:07:15+00:00,,,,"Interest on cash",019da86d-669e-775f-a27b-8ce0e5a547c0,,,,,,,1.09,"GBP",,,,
Interest on cash,2026-04-21 01:07:13+00:00,,,,"Interest on cash",019dad93-bd55-79ff-9c01-a9bba638e101,,,,,,,1.09,"GBP",,,,
Interest on cash,2026-04-22 01:07:14+00:00,,,,"Interest on cash",019db2ba-1b6e-716f-b85e-cb776dbab87a,,,,,,,1.09,"GBP",,,,
Interest on cash,2026-04-23 01:07:39+00:00,,,,"Interest on cash",019db7e0-da4b-77c3-92f4-788033691fda,,,,,,,1.09,"GBP",,,,
Interest on cash,2026-04-24 01:07:40+00:00,,,,"Interest on cash",019dbd07-3857-7b1a-9348-db2c0f5d07a3,,,,,,,1.09,"GBP",,,,
Interest on cash,2026-04-25 01:07:42+00:00,,,,"Interest on cash",019dc22d-9f20-7299-b749-517844a410b7,,,,,,,1.10,"GBP",,,,
Interest on cash,2026-04-26 01:07:57+00:00,,,,"Interest on cash",019dc754-33e1-783f-a989-25dbf2e66fd8,,,,,,,1.09,"GBP",,,,
Interest on cash,2026-04-27 01:07:45+00:00,,,,"Interest on cash",019dcc7a-5fe0-7676-b36d-575667cc01e8,,,,,,,1.09,"GBP",,,,
Interest on cash,2026-04-28 01:07:03+00:00,,,,"Interest on cash",019dd1a0-16e6-7835-97e9-88bead2a28e7,,,,,,,1.09,"GBP",,,,
Interest on cash,2026-04-29 01:06:46+00:00,,,,"Interest on cash",019dd6c6-31b7-7c31-82bf-4788686e95c7,,,,,,,1.09,"GBP",,,,
Interest on cash,2026-04-30 01:06:42+00:00,,,,"Interest on cash",019ddbec-7ff3-7be3-908f-d7bd36f85183,,,,,,,1.09,"GBP",,,,
Interest on cash,2026-05-01 01:07:28+00:00,,,,"Interest on cash",019de113-8dc4-743a-9076-8625a8f320a3,,,,,,,1.09,"GBP",,,,
Interest on cash,2026-05-02 01:07:21+00:00,,,,"Interest on cash",019de639-d08b-733e-bdef-87cf380b466d,,,,,,,1.09,"GBP",,,,
Interest on cash,2026-05-03 01:07:33+00:00,,,,"Interest on cash",019deb60-58a2-7bfc-80d3-039b80d7c327,,,,,,,1.09,"GBP",,,,
Interest on cash,2026-05-04 01:07:23+00:00,,,,"Interest on cash",019df086-8ef2-7bd8-ae33-747e57d8c58f,,,,,,,1.10,"GBP",,,,
Interest on cash,2026-05-05 01:07:09+00:00,,,,"Interest on cash",019df5ac-b398-746d-92d4-7d38b6e4a9fe,,,,,,,1.09,"GBP",,,,
Interest on cash,2026-05-06 01:07:18+00:00,,,,"Interest on cash",019dfad3-34e1-765e-bb4b-9af5b3f0fbea,,,,,,,1.09,"GBP",,,,
Interest on cash,2026-05-07 01:07:24+00:00,,,,"Interest on cash",019dfff9-a4ef-73f7-abb0-04959a5a4530,,,,,,,1.09,"GBP",,,,
Market buy,2026-05-07 07:26:20+00:00,IE00BJGWQN72,KLWD,"WisdomTree Cloud Computing (Acc)",,EOF50701409702,8.6975738600,2081.5000000000,GBX,100.00000000,,,181.04,"GBP",,,,
Market buy,2026-05-07 07:26:31+00:00,IE000940RNE6,BKCN,"Wisdomtree Blockchain (Acc)",,EOF50701409752,1.5133441300,4627.5000000000,GBX,100.00000000,,,70.03,"GBP",,,,
Market buy,2026-05-07 07:27:04+00:00,LU2265794276,CHTE,"UBS Solactive China Technology (Acc)",,EOF50701409982,16.1231944200,602.3000000000,GBX,100.00000000,,,97.11,"GBP",,,,
Market buy,2026-05-07 07:27:06+00:00,IE00BLPK3577,CYSE,"WisdomTree Cybersecurity (Acc)",,EOF50701409998,7.6003603900,1997.8000000000,GBX,100.00000000,,,151.84,"GBP",,,,
Interest on cash,2026-05-08 01:07:22+00:00,,,,"Interest on cash",019e051f-fb49-7bd7-9318-12cef93c304e,,,,,,,1.04,"GBP",,,,
Interest on cash,2026-05-09 01:07:10+00:00,,,,"Interest on cash",019e0a46-2700-7b00-90ee-aa4c30733241,,,,,,,1.04,"GBP",,,,
Interest on cash,2026-05-10 01:07:34+00:00,,,,"Interest on cash",019e0f6c-e234-7828-b9a4-027cae99d7dd,,,,,,,1.04,"GBP",,,,
Interest on cash,2026-05-11 01:07:00+00:00,,,,"Interest on cash",019e1492-b77d-705c-ac9f-af089e4516c1,,,,,,,1.05,"GBP",,,,
Interest on cash,2026-05-12 01:07:03+00:00,,,,"Interest on cash",019e19b9-2122-7f94-8c8d-a2e4c584fcf0,,,,,,,1.04,"GBP",,,,
Interest on cash,2026-05-13 01:07:25+00:00,,,,"Interest on cash",019e1edf-d15b-7994-90d6-f4a1d80fc41f,,,,,,,1.04,"GBP",,,,
Interest on cash,2026-05-14 01:07:04+00:00,,,,"Interest on cash",019e2405-dcc2-78fc-9204-3ae3f1013add,,,,,,,1.04,"GBP",,,,
Interest on cash,2026-05-15 01:07:07+00:00,,,,"Interest on cash",019e292c-4383-7cad-96fc-22249f38a982,,,,,,,1.04,"GBP",,,,
Interest on cash,2026-05-16 01:07:29+00:00,,,,"Interest on cash",019e2e52-f47b-7b24-8610-53439c9dddd8,,,,,,,1.04,"GBP",,,,
Interest on cash,2026-05-17 01:07:56+00:00,,,,"Interest on cash",019e3379-bb1f-78aa-b071-20c93a0c65cf,,,,,,,1.05,"GBP",,,,
Interest on cash,2026-05-18 01:07:30+00:00,,,,"Interest on cash",019e389f-b1b7-7a63-8b5b-adbb9cd5bd2f,,,,,,,1.04,"GBP",,,,
Interest on cash,2026-05-19 01:07:39+00:00,,,,"Interest on cash",019e3dc6-2f84-7524-b900-ae1095a49d3d,,,,,,,1.04,"GBP",,,,
Interest on cash,2026-05-20 01:07:32+00:00,,,,"Interest on cash",019e42ec-7055-770d-affb-f4a04bd873c4,,,,,,,1.04,"GBP",,,,
Interest on cash,2026-05-21 01:06:23+00:00,,,,"Interest on cash",019e4811-c00f-7ba2-913d-ffae2337eafb,,,,,,,1.04,"GBP",,,,
Interest on cash,2026-05-22 01:05:29+00:00,,,,"Interest on cash",019e4d37-4b16-7a85-975c-4481df030d95,,,,,,,1.05,"GBP",,,,
Interest on cash,2026-05-23 01:06:10+00:00,,,,"Interest on cash",019e525e-453f-7182-9895-102b46b38116,,,,,,,1.04,"GBP",,,,
Interest on cash,2026-05-24 01:06:20+00:00,,,,"Interest on cash",019e5784-c73b-72ed-ba95-6624523cd347,,,,,,,1.04,"GBP",,,,
Interest on cash,2026-05-25 01:07:18+00:00,,,,"Interest on cash",019e5cac-0705-7e0f-92d4-3c4d2ef1e496,,,,,,,1.05,"GBP",,,,
Interest on cash,2026-05-26 01:07:19+00:00,,,,"Interest on cash",019e61d2-6883-7266-9e00-78c00772802b,,,,,,,1.04,"GBP",,,,
Interest on cash,2026-05-27 01:06:54+00:00,,,,"Interest on cash",019e66f8-6029-7333-b4c2-7bffeaf65dac,,,,,,,1.04,"GBP",,,,
Interest on cash,2026-05-28 01:06:32+00:00,,,,"Interest on cash",019e6c1e-67ac-7737-abc8-976be477e49d,,,,,,,1.04,"GBP",,,,
Interest on cash,2026-05-29 01:05:38+00:00,,,,"Interest on cash",019e7143-f20f-740d-afee-7c8d7b57a470,,,,,,,1.05,"GBP",,,,
Interest on cash,2026-05-30 01:05:35+00:00,,,,"Interest on cash",019e766a-41fe-7b6a-89c3-46d50963639e,,,,,,,1.04,"GBP",,,,
Interest on cash,2026-05-31 01:05:16+00:00,,,,"Interest on cash",019e7b90-52a0-77c9-90c7-9d4aae801664,,,,,,,1.04,"GBP",,,,
Interest on cash,2026-06-01 01:05:15+00:00,,,,"Interest on cash",019e80b6-aa6f-7486-8cd6-037d5e83e09d,,,,,,,1.05,"GBP",,,,
Interest on cash,2026-06-02 01:05:45+00:00,,,,"Interest on cash",019e85dd-7b47-77d6-b56a-f6397a8c050c,,,,,,,1.04,"GBP",,,,
Interest on cash,2026-06-03 01:05:16+00:00,,,,"Interest on cash",019e8b03-6661-7f45-b6b3-3b44450aaaeb,,,,,,,1.05,"GBP",,,,
Interest on cash,2026-06-04 01:05:02+00:00,,,,"Interest on cash",019e9029-8e23-7322-9c02-43fb12c0ae7d,,,,,,,1.04,"GBP",,,,
Interest on cash,2026-06-05 01:05:03+00:00,,,,"Interest on cash",019e954f-ead0-70c8-94e7-ee661907e7e6,,,,,,,1.04,"GBP",,,,
Dividend (Dividend),2026-06-05 12:08:24+00:00,US05605H1005,BWXT,"BWX Technologies",,,4.6177571800,0.229500,USD,0.74486200,,,0.79,"GBP",0.19,USD,,
Dividend (Dividend),2026-06-05 12:16:19+00:00,US21037T1097,CEG,"Constellation Energy",,,2.0176092700,0.362525,USD,0.74486200,,,0.54,"GBP",0.13,USD,,
Market buy,2026-06-05 13:30:02+00:00,US73933G2021,PSIX,"Power Solutions International",,EOF52154043426,0.0382099500,40.0000000000,USD,1.34070000,,,1.14,"GBP",,,,
Market buy,2026-06-05 13:30:06+00:00,US74766W1080,QUBT,"Quantum Computing",,EOF52154045547,0.1755678500,10.9200000000,USD,1.34069994,,,1.43,"GBP",,,,
Market buy,2026-06-05 13:30:06+00:00,US21037T1097,CEG,"Constellation Energy",,EOF52154045553,0.0058431700,261.5700000000,USD,1.34069997,,,1.14,"GBP",,,,
Market buy,2026-06-05 13:30:06+00:00,US02079K3059,GOOGL,"Alphabet (Class A)",,EOF52154045550,0.0041690000,366.6100000000,USD,1.34069920,,,1.14,"GBP",,,,
Market buy,2026-06-05 13:30:06+00:00,US05605H1005,BWXT,"BWX Technologies",,EOF52154047964,0.0080377300,190.1500000000,USD,1.34067926,,,1.14,"GBP",,,,
Market buy,2026-06-05 13:30:06+00:00,US0231351067,AMZN,"Amazon",,EOF52156101056,0.0060127200,254.1900000000,USD,1.34067833,,,1.14,"GBP",,,,
Market buy,2026-06-05 13:30:14+00:00,US4592001014,IBM,"IBM",,EOF52156120451,0.0044542100,301.0000000000,USD,1.34071721,,,1.00,"GBP",,,,
Market buy,2026-06-05 13:30:14+00:00,US76655K1034,RGTI,"Rigetti Computing",,EOF52156120456,0.0827462000,23.1700000000,USD,1.34071989,,,1.43,"GBP",,,,
Market buy,2026-06-05 13:30:14+00:00,US67066G1040,NVDA,"Nvidia",,EOF52156120463,0.0089389600,214.4800000000,USD,1.34071897,,,1.43,"GBP",,,,
Market buy,2026-06-05 13:30:14+00:00,US46222L1089,IONQ,"IonQ",,EOF52156132017,0.0391356000,63.7200000000,USD,1.34070990,,,1.86,"GBP",,,,
Market buy,2026-06-05 13:33:10+00:00,US26740W1099,QBTS,"D-Wave Quantum",,EOF52156146305,0.0723347900,26.5000000000,USD,1.34046988,,,1.43,"GBP",,,,
Interest on cash,2026-06-06 01:04:48+00:00,,,,"Interest on cash",019e9a76-0dd9-7589-91b6-7af031f9953e,,,,,,,1.05,"GBP",,,,
Interest on cash,2026-06-07 01:04:48+00:00,,,,"Interest on cash",019e9f9c-680a-7b88-8f04-1699791deb32,,,,,,,1.04,"GBP",,,,
Interest on cash,2026-06-08 01:04:42+00:00,,,,"Interest on cash",019ea4c2-af53-7f6a-bc17-a3a4fe0f8731,,,,,,,1.04,"GBP",,,,
Market sell,2026-06-08 13:30:13+00:00,US05605H1005,BWXT,"BWX Technologies",,EOF52309146602,0.3901637800,188.0000000000,USD,1.33607997,11.49,"GBP",54.82,"GBP",,,0.08,"GBP"
Market sell,2026-06-08 13:30:14+00:00,US67066G1040,NVDA,"Nvidia",,EOF52311865171,0.0063590000,210.1100000000,USD,1.33608949,0.24,"GBP",1.00,"GBP",,,,
Market sell,2026-06-08 13:30:14+00:00,US02079K3059,GOOGL,"Alphabet (Class A)",,EOF52311865186,1.9804455400,365.0700000000,USD,1.33611999,271.93,"GBP",540.31,"GBP",,,0.81,"GBP"
Market sell,2026-06-08 13:30:22+00:00,US76655K1034,RGTI,"Rigetti Computing",,EOF52311892680,10.6803254700,21.2700000000,USD,1.33613999,69.10,"GBP",169.77,"GBP",,,0.25,"GBP"
Market sell,2026-06-08 13:30:29+00:00,US46222L1089,IONQ,"IonQ",,EOF52311893776,4.2994515000,59.5000000000,USD,1.33613999,62.14,"GBP",191.17,"GBP",,,0.29,"GBP"
Market sell,2026-06-08 13:30:30+00:00,US26740W1099,QBTS,"D-Wave Quantum",,EOF52313401222,7.1917310600,24.7000000000,USD,1.33620999,40.36,"GBP",132.74,"GBP",,,0.20,"GBP"
Market buy,2026-06-08 13:31:07+00:00,US4385162056,HON,"Honeywell International",,EOF52313409649,2.7459859700,214.7500000000,USD,1.33624999,,,441.97,"GBP",,,0.66,"GBP"
Market buy,2026-06-08 13:31:08+00:00,US4592001014,IBM,"IBM",,EOF52313409743,0.0658695300,290.5000000000,USD,1.33624989,,,14.34,"GBP",,,0.02,"GBP"
Market buy,2026-06-08 13:31:11+00:00,US73933G2021,PSIX,"Power Solutions International",,EOF52313410917,5.0569450500,40.7400000000,USD,1.33622999,,,154.41,"GBP",,,0.23,"GBP"
Market buy,2026-06-08 13:31:28+00:00,US21037T1097,CEG,"Constellation Energy",,EOF52313413243,0.6874331600,253.4900000000,USD,1.33632999,,,130.60,"GBP",,,0.20,"GBP"
Market buy,2026-06-08 13:31:47+00:00,US74766W1080,QUBT,"Quantum Computing",,EOF52313415315,40.8851554300,10.0500000000,USD,1.33628999,,,307.95,"GBP",,,0.46,"GBP"
Market buy,2026-06-08 13:32:04+00:00,US0231351067,AMZN,"Amazon",,EOF52313418844,0.2129705400,248.8000000000,USD,1.33636999,,,39.71,"GBP",,,0.06,"GBP"
Interest on cash,2026-06-09 01:04:58+00:00,,,,"Interest on cash",019ea9e9-4948-7ae1-b107-6eeee3aba109,,,,,,,1.05,"GBP",,,,
Interest on cash,2026-06-10 01:05:00+00:00,,,,"Interest on cash",019eaf0f-ac73-722c-b212-cb05a321fb7d,,,,,,,1.04,"GBP",,,,
Dividend (Dividend),2026-06-10 16:28:25+00:00,US4592001014,IBM,"IBM",,,2.3780820100,1.436500,USD,0.74666400,,,2.55,"GBP",0.60,USD,,
Interest on cash,2026-06-11 01:04:59+00:00,,,,"Interest on cash",019eb436-0506-7281-b78a-80688e8d65d8,,,,,,,1.04,"GBP",,,,
Interest on cash,2026-06-12 01:04:56+00:00,,,,"Interest on cash",019eb95c-5560-769c-a74a-73f194e6fec2,,,,,,,1.05,"GBP",,,,
Interest on cash,2026-06-13 01:04:50+00:00,,,,"Interest on cash",019ebe82-9af8-770a-b85e-f6c49df916e7,,,,,,,1.04,"GBP",,,,
Interest on cash,2026-06-14 01:04:42+00:00,,,,"Interest on cash",019ec3a8-d681-778a-b6c9-734c473f8591,,,,,,,1.04,"GBP",,,,
Interest on cash,2026-06-15 01:04:44+00:00,,,,"Interest on cash",019ec8cf-39f8-74b5-8d18-4d7a66ff6df3,,,,,,,1.05,"GBP",,,,
Dividend (Dividend),2026-06-15 15:45:04+00:00,US02079K3059,GOOGL,"Alphabet (Class A)",,,3.6014284500,0.187000,USD,0.74324600,,,0.50,"GBP",0.12,USD,,
Interest on cash,2026-06-16 01:04:55+00:00,,,,"Interest on cash",019ecdf5-c1a6-7f8a-8a5a-55db93f0db3f,,,,,,,1.04,"GBP",,,,
Interest on cash,2026-06-17 01:05:09+00:00,,,,"Interest on cash",019ed31c-51ae-72e3-b121-7b612ffceafc,,,,,,,1.05,"GBP",,,,
Interest on cash,2026-06-18 01:05:11+00:00,,,,"Interest on cash",019ed842-b7bc-73c4-b467-f66522c2756a,,,,,,,1.04,"GBP",,,,
Market buy,2026-06-18 11:14:51+00:00,IE00BFMXXD54,VUAG,"Vanguard S&P 500 (Acc)",,EOF52851648811,24.0000000000,109.2000000000,GBP,1.00000000,,,2620.80,"GBP",,,,
Market buy,2026-06-18 14:41:43+00:00,IE000YDZG487,HNSS,"HSBC Nasdaq Global Semiconductor (Acc)",,EOF52858844416,80.0000000000,36.9350000000,GBP,1.00000000,,,2954.80,"GBP",,,,
Interest on cash,2026-06-19 01:04:34+00:00,,,,"Interest on cash",019edd68-84b2-707e-9d8f-1676994c8654,,,,,,,0.48,"GBP",,,,
Interest on cash,2026-06-20 01:04:51+00:00,,,,"Interest on cash",019ee28f-20fc-725d-855d-2bd89acb2b62,,,,,,,0.47,"GBP",,,,
Interest on cash,2026-06-21 01:04:57+00:00,,,,"Interest on cash",019ee7b5-95ba-707e-bdcd-410d561215b8,,,,,,,0.48,"GBP",,,,
Interest on cash,2026-06-22 01:05:13+00:00,,,,"Interest on cash",019eecdc-2f77-7ec4-b7a0-c4a6a6b6b212,,,,,,,0.47,"GBP",,,,
Interest on cash,2026-06-23 01:05:21+00:00,,,,"Interest on cash",019ef202-ac36-7761-b893-c9d8cb2139fd,,,,,,,0.48,"GBP",,,,
Interest on cash,2026-06-24 01:04:59+00:00,,,,"Interest on cash",019ef728-aff0-7635-aff3-c31b1eaa3e5c,,,,,,,0.47,"GBP",,,,
Market buy,2026-06-24 12:41:05+00:00,IE000YDZG487,HNSS,"HSBC Nasdaq Global Semiconductor (Acc)",,EOF53154406806,30.0000000000,35.5050000000,GBP,1.00000000,,,1065.15,"GBP",,,,
Interest on cash,2026-06-25 01:05:03+00:00,,,,"Interest on cash",019efc4f-1b42-7b02-a06c-edbbf59069c9,,,,,,,0.37,"GBP",,,,
Interest on cash,2026-06-26 01:05:00+00:00,,,,"Interest on cash",019f0175-6d68-7864-a546-64afc2ab1ca5,,,,,,,0.37,"GBP",,,,
Dividend (Dividend),2026-06-26 16:11:25+00:00,US67066G1040,NVDA,"Nvidia",,,4.8153330900,0.212500,USD,0.75722000,,,0.77,"GBP",0.18,USD,,
Interest on cash,2026-06-27 01:04:52+00:00,,,,"Interest on cash",019f069b-a95d-7900-bbe6-82d40467f02c,,,,,,,0.36,"GBP",,,,
Interest on cash,2026-06-28 01:05:24+00:00,,,,"Interest on cash",019f0bc2-8079-78c9-9835-2fd9edaadd3d,,,,,,,0.37,"GBP",,,,
Interest on cash,2026-06-29 01:05:23+00:00,,,,"Interest on cash",019f10e8-dbb0-7611-b222-39586f002472,,,,,,,0.37,"GBP",,,,
Stock split close,2026-06-29 07:15:56+00:00,US4385162056,HON,"Honeywell International",,EOF53402770893,2.7459859700,214.7498226300,USD,1.33624889,0.00,"GBP",441.31,"GBP",,,,
Stock split open,2026-06-29 07:15:56+00:00,US4385162056,HON,"Honeywell International",,EOF53402770898,1.3729929800,429.4996468200,USD,1.33624889,,,441.31,"GBP",,,,
Interest on cash,2026-06-30 01:06:07+00:00,,,,"Interest on cash",019f160f-e395-7315-bae0-ede5c65f0a02,,,,,,,0.36,"GBP",,,,
Spin off,2026-06-30 12:40:32+00:00,US43849R1059,HONA,"Honeywell Aerospace",,EOF53453184845,1.3729929900,0E-10,USD,,,,0.00,"GBP",,,,
Interest on cash,2026-07-01 01:06:22+00:00,,,,"Interest on cash",019f1b36-795a-7d4e-a205-337adbeedeca,,,,,,,0.37,"GBP",,,,